Karen,T.,Luffman,Morton Street,Central Square,New York,13036,cLuffman@sharewaredevelopers.com
Queen,E.,Eastridge,7741 Albee Square,Litchfield,California,96117,qEastridge@hotmail.com
Orlando,Q.,Volo,3201 McKibbin Street,Carolina,Puerto Rico,00984,oVolo@mailboom.com
Gayla,R.,Fogerty,6132 Dunne Court,Florence,Missouri,65329,gFogerty@conok.com
Gary,R.,Stockmaster,6942 Hall Street,Harleigh,Pennsylvania,18225,gStockmaster@juniormail.com
Linda,J.,Cosselman,4103 Midwood Street,Los Angeles,California,90020,lCosselman@ignmail.com
Alvaro,P.,Baldy,7644 Schweikerts Walk,Papaaloa,Hawaii,96780,aBaldy@naplesnews.net
Larissa,I.,Reino,6061 Hendrickson Street,New Kensington,Pennsylvania,15068,lReino@msgbox.com
Joel,A.,Pali,5635 Bay Ridge Parkway,Centerville,Massachusetts,02632,jPali@officedomain.com
Cathrine,Y.,Whatcott,2849 Post Court,Bailey,Texas,75413,cWhatcott@money.net
Dana,Q.,Kellis,5019 Ludlam Place,Stewartstown,Pennsylvania,17363,dKellis@rvshop.com
Lillie,L.,Sinkfield,8053 Grand Avenue,Erhard,Minnesota,56534,lSinkfield@freemail.com.au
Emory,B.,Ramire,9097 Weirfield Street,Tucson,Arizona,85723,eRamire@bboy.zzn.com
Rita,A.,Castell,8554 Rose Street,Austwell,Texas,77950,rCastell@dawnsonmail.com
Steve,D.,Schiffman,5753 Brighton 11th Street,Topawa,Arizona,85639,sSchiffman@yahoo.com